d3mIndex,bounding_box,confidence
5,"387,2175,387,2317,529,2317,529,2175",0.8331
5,"71,2281,71,2392,219,2392,219,2281",0.8189
5,"2082,806,2082,996,2244,996,2244,806",0.8011
5,"2085,1289,2085,1417,2222,1417,2222,1289",0.7677
5,"1598,2097,1598,2293,1807,2293,1807,2097",0.7638
5,"236,2670,236,2818,384,2818,384,2670",0.6922
5,"2182,1814,2182,1959,2336,1959,2336,1814",0.6188
5,"401,2872,401,2996,515,2996,515,2872",0.5541
5,"1965,2487,1965,2625,2093,2625,2093,2487",0.5278
5,"254,2188,254,2292,348,2292,348,2188",0.5160
5,"1522,2412,1522,2494,1638,2494,1638,2412",0.5153
7,"2027,745,2027,921,2280,921,2280,745",0.6612
8,"1357,1843,1357,2121,1640,2121,1640,1843",0.9070
8,"1768,623,1768,743,1863,743,1863,623",0.5075
12,"1437,1523,1437,1747,1634,1747,1634,1523",0.9166
12,"1580,1894,1580,2133,1820,2133,1820,1894",0.9062
12,"1718,213,1718,458,1935,458,1935,213",0.7165
15,"2195,11,2195,179,2439,179,2439,11",0.8296
15,"4,1403,4,1576,198,1576,198,1403",0.7937
15,"619,1054,619,1159,752,1159,752,1054",0.7173
15,"0,2433,0,2705,291,2705,291,2433",0.5993
18,"1421,623,1421,867,1613,867,1613,623",0.9292
18,"1501,1264,1501,1440,1671,1440,1671,1264",0.8896
18,"1920,1193,1920,1352,2155,1352,2155,1193",0.8880
18,"1544,2229,1544,2437,1701,2437,1701,2229",0.7571
18,"1272,2351,1272,2527,1497,2527,1497,2351",0.7069
18,"1237,1765,1237,1866,1332,1866,1332,1765",0.6019
20,"657,1364,657,1518,827,1518,827,1364",0.9034
20,"867,169,867,392,1033,392,1033,169",0.8998
20,"952,690,952,852,1115,852,1115,690",0.8794
20,"1012,433,1012,592,1185,592,1185,433",0.8765
20,"717,1781,717,1943,907,1943,907,1781",0.8732
20,"919,1294,919,1474,1125,1474,1125,1294",0.8618
20,"954,1008,954,1154,1114,1154,1114,1008",0.8544
20,"524,2438,524,2572,1499,2572,1499,2438",0.5140
22,"1961,1316,1961,1525,2193,1525,2193,1316",0.9377
22,"2018,513,2018,652,2197,652,2197,513",0.9268
22,"1821,946,1821,1117,1975,1117,1975,946",0.9206
22,"217,1714,217,1888,385,1888,385,1714",0.9079
22,"1639,689,1639,878,1795,878,1795,689",0.9027
22,"17,1959,17,2105,177,2105,177,1959",0.8661
22,"1647,1178,1647,1324,1782,1324,1782,1178",0.8468
22,"415,1067,415,1228,564,1228,564,1067",0.8345
22,"1963,102,1963,255,2140,255,2140,102",0.8290
22,"2176,20,2176,197,2340,197,2340,20",0.8164
22,"2192,944,2192,1098,2362,1098,2362,944",0.7869
22,"247,117,247,278,395,278,395,117",0.7811
22,"0,670,0,828,117,828,117,670",0.7691
22,"1886,1648,1886,1795,2013,1795,2013,1648",0.7652
22,"1606,0,1606,108,1721,108,1721,0",0.7241
22,"5,2189,5,2443,136,2443,136,2189",0.7003
22,"485,1622,485,1731,639,1731,639,1622",0.6927
22,"1914,1880,1914,2018,2029,2018,2029,1880",0.6915
22,"208,10,208,181,387,181,387,10",0.6297
22,"2153,2343,2153,2516,2293,2516,2293,2343",0.5782
27,"1782,1867,1782,2080,1986,2080,1986,1867",0.9100
27,"1945,1107,1945,1275,2105,1275,2105,1107",0.8456
27,"2142,1165,2142,1295,2311,1295,2311,1165",0.8406
27,"1706,544,1706,809,1879,809,1879,544",0.8049
27,"212,1009,212,1097,317,1097,317,1009",0.5618
33,"1731,1972,1731,2142,1936,2142,1936,1972",0.8334
33,"1577,1765,1577,1952,1725,1952,1725,1765",0.8167
33,"1590,95,1590,234,1702,234,1702,95",0.7584
33,"1715,620,1715,732,1831,732,1831,620",0.6823
33,"1620,1977,1620,2158,1758,2158,1758,1977",0.6429
33,"1719,952,1719,1048,1814,1048,1814,952",0.5218
37,"0,0,0,0,0,0,0,0",0
44,"1168,761,1168,937,1334,937,1334,761",0.8766
44,"1508,751,1508,915,1680,915,1680,751",0.8761
44,"1319,465,1319,646,1496,646,1496,465",0.8644
44,"1711,853,1711,998,1855,998,1855,853",0.8598
44,"1396,1670,1396,1842,1555,1842,1555,1670",0.8566
44,"1872,42,1872,269,2070,269,2070,42",0.8400
44,"1618,1368,1618,1524,1774,1524,1774,1368",0.8337
44,"1505,1097,1505,1256,1642,1256,1642,1097",0.8042
44,"1413,2029,1413,2195,1574,2195,1574,2029",0.7875
44,"2130,1668,2130,1820,2320,1820,2320,1668",0.7479
44,"975,1358,975,1486,1125,1486,1125,1358",0.7225
45,"1441,1404,1441,1594,1630,1594,1630,1404",0.9022
45,"1550,159,1550,422,1827,422,1827,159",0.9014
45,"1632,1741,1632,1978,1835,1978,1835,1741",0.8939
45,"1417,1180,1417,1376,1616,1376,1616,1180",0.8898
45,"1816,1116,1816,1359,2024,1359,2024,1116",0.8890
45,"1617,636,1617,834,1803,834,1803,636",0.8831
45,"1330,1639,1330,1840,1549,1840,1549,1639",0.8804
45,"1475,523,1475,693,1643,693,1643,523",0.8564
45,"1322,60,1322,233,1465,233,1465,60",0.8545
45,"1595,2156,1595,2333,1783,2333,1783,2156",0.8248
45,"1257,652,1257,834,1433,834,1433,652",0.7836
45,"1328,2139,1328,2334,1503,2334,1503,2139",0.7550
55,"1109,1737,1109,1983,1381,1983,1381,1737",0.8595
55,"1045,1997,1045,2214,1240,2214,1240,1997",0.8516
55,"1366,2266,1366,2452,1555,2452,1555,2266",0.8303
55,"863,1905,863,2050,1019,2050,1019,1905",0.8273
55,"1015,482,1015,713,1236,713,1236,482",0.7774
55,"919,726,919,966,1132,966,1132,726",0.7649
55,"1031,1312,1031,1527,1212,1527,1212,1312",0.6847
55,"1442,215,1442,358,1547,358,1547,215",0.6646
55,"1129,83,1129,353,1398,353,1398,83",0.6640
55,"998,1097,998,1264,1177,1264,1177,1097",0.5872
55,"953,285,953,443,1112,443,1112,285",0.5807
55,"9,1706,9,1858,136,1858,136,1706",0.5560
55,"426,0,426,103,603,103,603,0",0.5455
55,"1059,2256,1059,2487,1322,2487,1322,2256",0.5054
59,"559,818,559,1037,788,1037,788,818",0.8205
59,"339,142,339,341,509,341,509,142",0.8090
59,"636,1185,636,1309,780,1309,780,1185",0.7955
59,"997,669,997,785,1104,785,1104,669",0.7320
59,"2081,1327,2081,1523,2249,1523,2249,1327",0.7314
59,"683,1555,683,1668,797,1668,797,1555",0.7246
59,"807,160,807,316,927,316,927,160",0.7116
59,"1001,1703,1001,1820,1160,1820,1160,1703",0.7108
59,"331,2217,331,2371,504,2371,504,2217",0.6864
59,"2301,668,2301,819,2406,819,2406,668",0.6616
59,"953,2296,953,2417,1075,2417,1075,2296",0.6590
59,"654,2497,654,2624,844,2624,844,2497",0.6565
59,"1085,1060,1085,1161,1184,1161,1184,1060",0.6093
59,"2069,2,2069,103,2190,103,2190,2",0.5988
59,"2348,48,2348,221,2459,221,2459,48",0.5924
59,"1956,2012,1956,2110,2055,2110,2055,2012",0.5903
59,"893,2493,893,2621,1005,2621,1005,2493",0.5554
59,"2077,2496,2077,2621,2194,2621,2194,2496",0.5454
59,"2122,2024,2122,2127,2230,2127,2230,2024",0.5407
59,"649,1773,649,1929,773,1929,773,1773",0.5253
59,"2081,1423,2081,1556,2192,1556,2192,1423",0.5154
59,"1098,257,1098,353,1197,353,1197,257",0.5071
59,"277,2556,277,2714,442,2714,442,2556",0.5030
63,"1627,1389,1627,1564,1801,1564,1801,1389",0.8963
63,"1441,610,1441,793,1641,793,1641,610",0.8783
63,"445,837,445,948,586,948,586,837",0.7307
63,"1569,1948,1569,2061,1677,2061,1677,1948",0.6863
63,"765,2453,765,2575,878,2575,878,2453",0.6424
63,"1159,804,1159,937,1277,937,1277,804",0.5574
64,"1326,104,1326,379,1576,379,1576,104",0.9383
64,"1457,1353,1457,1514,1621,1514,1621,1353",0.9143
64,"1645,1531,1645,1751,1855,1751,1855,1531",0.8936
64,"171,255,171,524,375,524,375,255",0.8494
64,"1865,612,1865,792,2010,792,2010,612",0.7897
64,"596,1591,596,1727,709,1727,709,1591",0.7574
71,"986,1743,986,1996,1187,1996,1187,1743",0.9397
71,"641,1578,641,1764,852,1764,852,1578",0.9104
71,"1005,896,1005,1066,1183,1066,1183,896",0.9098
71,"666,319,666,601,951,601,951,319",0.8922
71,"368,376,368,538,542,538,542,376",0.8688
71,"1014,1211,1014,1357,1157,1357,1157,1211",0.8453
71,"1150,138,1150,293,1285,293,1285,138",0.8432
71,"974,1564,974,1755,1162,1755,1162,1564",0.8140
71,"1517,1005,1517,1128,1696,1128,1696,1005",0.7873
71,"1226,2394,1226,2516,1345,2516,1345,2394",0.7185
71,"322,2235,322,2411,650,2411,650,2235",0.6420
71,"739,1089,739,1230,855,1230,855,1089",0.6365
71,"126,774,126,945,483,945,483,774",0.6320
73,"5,182,5,338,158,338,158,182",0.8633
74,"2012,1312,2012,1451,2178,1451,2178,1312",0.9054
74,"2203,1379,2203,1549,2370,1549,2370,1379",0.9025
74,"718,2150,718,2310,890,2310,890,2150",0.9012
74,"2226,2044,2226,2177,2417,2177,2417,2044",0.9002
74,"358,1873,358,1999,568,1999,568,1873",0.8924
74,"563,1269,563,1422,718,1422,718,1269",0.8840
74,"2218,127,2218,282,2363,282,2363,127",0.8792
74,"904,1553,904,1723,1068,1723,1068,1553",0.8664
74,"1065,1481,1065,1624,1227,1624,1227,1481",0.8624
74,"699,322,699,471,831,471,831,322",0.8492
74,"547,315,547,490,676,490,676,315",0.8477
74,"2004,2097,2004,2243,2134,2243,2134,2097",0.8454
74,"1074,799,1074,1007,1306,1007,1306,799",0.8391
74,"642,71,642,204,740,204,740,71",0.8328
74,"762,1759,762,1892,921,1892,921,1759",0.8181
74,"644,926,644,1153,832,1153,832,926",0.8070
74,"2290,1690,2290,1815,2439,1815,2439,1690",0.7887
74,"137,922,137,1127,343,1127,343,922",0.7886
74,"309,1673,309,1810,431,1810,431,1673",0.7746
74,"884,629,884,808,1031,808,1031,629",0.7710
74,"159,591,159,825,405,825,405,591",0.7450
74,"433,692,433,852,610,852,610,692",0.7439
74,"1096,1029,1096,1159,1267,1159,1267,1029",0.7314
74,"2369,977,2369,1114,2467,1114,2467,977",0.7269
74,"1025,619,1025,752,1136,752,1136,619",0.7057
74,"2379,340,2379,469,2468,469,2468,340",0.7049
74,"1912,1783,1912,1930,2027,1930,2027,1783",0.6217
74,"1940,375,1940,482,2064,482,2064,375",0.6132
74,"957,2058,957,2324,1168,2324,1168,2058",0.6086
74,"2204,2468,2204,2644,2370,2644,2370,2468",0.5997
74,"2394,674,2394,794,2466,794,2466,674",0.5662
74,"404,2586,404,2706,520,2706,520,2586",0.5025
76,"2207,1144,2207,1294,2381,1294,2381,1144",0.9342
76,"448,1461,448,1620,648,1620,648,1461",0.8929
76,"797,1406,797,1572,950,1572,950,1406",0.8838
76,"663,2247,663,2377,808,2377,808,2247",0.8110
76,"436,1723,436,1842,581,1842,581,1723",0.7880
76,"488,1179,488,1315,679,1315,679,1179",0.7864
76,"905,2152,905,2264,1030,2264,1030,2152",0.7536
76,"2377,824,2377,1038,2469,1038,2469,824",0.7474
83,"1997,1214,1997,1337,2154,1337,2154,1214",0.8994
83,"1938,1043,1938,1181,2083,1181,2083,1043",0.8980
83,"1772,181,1772,347,1923,347,1923,181",0.8935
83,"1941,1501,1941,1623,2080,1623,2080,1501",0.8907
83,"173,431,173,605,336,605,336,431",0.8720
83,"1867,546,1867,683,1977,683,1977,546",0.8661
83,"1829,1219,1829,1400,1965,1400,1965,1219",0.8562
83,"2089,2150,2089,2310,2254,2310,2254,2150",0.8485
83,"210,1844,210,1973,368,1973,368,1844",0.8439
83,"2221,671,2221,799,2348,799,2348,671",0.8078
83,"2044,213,2044,400,2220,400,2220,213",0.8075
83,"1819,2021,1819,2149,1943,2149,1943,2021",0.7956
83,"1898,2,1898,133,2011,133,2011,2",0.7773
83,"172,91,172,306,323,306,323,91",0.7771
83,"1795,1715,1795,1851,1916,1851,1916,1715",0.7731
83,"128,1202,128,1384,326,1384,326,1202",0.7717
83,"2028,634,2028,773,2193,773,2193,634",0.7646
83,"438,1491,438,1590,538,1590,538,1491",0.7526
83,"144,2313,144,2473,307,2473,307,2313",0.7461
83,"192,1590,192,1686,315,1686,315,1590",0.7260
83,"1863,2280,1863,2379,1950,2379,1950,2280",0.6459
83,"216,908,216,1000,316,1000,316,908",0.6359
83,"1909,2428,1909,2569,2049,2569,2049,2428",0.6171
83,"1712,1150,1712,1332,1835,1332,1835,1150",0.5600
83,"2123,2872,2123,3011,2312,3011,2312,2872",0.5545
83,"1926,2421,1926,2484,2033,2484,2033,2421",0.5009
89,"1734,615,1734,853,1969,853,1969,615",0.9436
89,"225,298,225,533,407,533,407,298",0.9127
89,"209,1463,209,1646,371,1646,371,1463",0.9104
89,"28,1011,28,1182,198,1182,198,1011",0.9049
89,"1560,2295,1560,2489,1762,2489,1762,2295",0.8961
89,"1716,1442,1716,1652,1912,1652,1912,1442",0.8945
89,"1,598,1,852,236,852,236,598",0.8825
89,"2073,977,2073,1196,2335,1196,2335,977",0.8557
89,"1378,1006,1378,1198,1697,1198,1697,1006",0.8360
89,"1464,1856,1464,2104,1695,2104,1695,1856",0.8297
89,"1389,94,1389,370,1623,370,1623,94",0.8285
89,"1040,1629,1040,1818,1269,1818,1269,1629",0.8268
89,"1514,1253,1514,1454,1692,1454,1692,1253",0.8249
89,"1582,2068,1582,2248,1818,2248,1818,2068",0.7761
89,"1629,76,1629,316,1913,316,1913,76",0.7698
89,"2,1999,2,2223,127,2223,127,1999",0.7416
89,"1854,425,1854,563,1977,563,1977,425",0.7101
89,"0,0,0,164,120,164,120,0",0.7008
89,"3,259,3,551,98,551,98,259",0.6918
89,"3,1402,3,1774,138,1774,138,1402",0.6376
89,"2151,2060,2151,2303,2409,2303,2409,2060",0.6207
89,"1775,878,1775,971,1865,971,1865,878",0.5847
90,"125,1623,125,1844,395,1844,395,1623",0.9402
90,"425,705,425,908,610,908,610,705",0.9346
90,"481,1337,481,1545,673,1545,673,1337",0.9338
90,"182,758,182,966,412,966,412,758",0.9331
90,"1923,314,1923,514,2140,514,2140,314",0.9271
90,"399,1827,399,2024,581,2024,581,1827",0.9168
90,"2267,130,2267,270,2439,270,2439,130",0.9147
90,"1961,2,1961,172,2128,172,2128,2",0.8993
90,"227,62,227,274,451,274,451,62",0.8976
90,"2156,912,2156,1128,2437,1128,2437,912",0.8850
90,"2211,595,2211,776,2383,776,2383,595",0.8801
90,"490,2153,490,2316,644,2316,644,2153",0.8778
90,"1950,2139,1950,2345,2143,2345,2143,2139",0.8715
90,"2179,1756,2179,1953,2335,1953,2335,1756",0.8676
90,"35,1071,35,1267,260,1267,260,1071",0.8646
90,"1961,574,1961,799,2140,799,2140,574",0.8640
90,"0,1407,0,1601,198,1601,198,1407",0.8574
90,"1891,1216,1891,1397,2035,1397,2035,1216",0.7386
90,"212,2383,212,2607,445,2607,445,2383",0.7107
90,"1994,1317,1994,1491,2132,1491,2132,1317",0.7013
90,"1893,1216,1893,1478,2137,1478,2137,1216",0.5342
90,"196,2674,196,2920,467,2920,467,2674",0.5073
92,"1,352,1,572,223,572,223,352",0.9252
92,"1794,375,1794,555,2046,555,2046,375",0.8900
92,"1542,1107,1542,1344,1761,1344,1761,1107",0.8897
92,"2237,604,2237,819,2471,819,2471,604",0.8873
92,"1449,710,1449,960,1668,960,1668,710",0.8824
92,"30,34,30,281,264,281,264,34",0.8808
92,"1658,1344,1658,1500,1850,1500,1850,1344",0.8681
92,"1395,1758,1395,1941,1556,1941,1556,1758",0.8597
92,"2112,224,2112,421,2426,421,2426,224",0.8510
92,"1962,1730,1962,1957,2181,1957,2181,1730",0.8485
92,"1771,2058,1771,2231,1931,2231,1931,2058",0.8323
92,"2048,1172,2048,1441,2211,1441,2211,1172",0.8233
92,"0,2084,0,2328,159,2328,159,2084",0.7683
92,"1917,0,1917,77,2110,77,2110,0",0.7300
92,"2013,746,2013,994,2181,994,2181,746",0.7180
96,"556,878,556,1067,741,1067,741,878",0.9198
96,"345,1198,345,1350,547,1350,547,1198",0.9092
96,"788,1291,788,1434,964,1434,964,1291",0.9030
96,"2067,1085,2067,1295,2231,1295,2231,1085",0.8964
96,"367,1450,367,1572,515,1572,515,1450",0.8879
96,"2125,492,2125,741,2358,741,2358,492",0.8823
96,"714,301,714,525,885,525,885,301",0.8682
96,"496,593,496,814,746,814,746,593",0.8645
96,"206,4,206,188,432,188,432,4",0.8575
96,"1828,1869,1828,2027,1985,2027,1985,1869",0.8376
96,"2291,1726,2291,1990,2471,1990,2471,1726",0.8318
96,"2329,876,2329,1129,2471,1129,2471,876",0.8284
96,"429,1734,429,1864,569,1864,569,1734",0.7901
96,"69,2684,69,2811,271,2811,271,2684",0.7543
96,"392,2113,392,2392,728,2392,728,2113",0.7217
96,"2338,1365,2338,1502,2465,1502,2465,1365",0.6859
96,"2196,2418,2196,2576,2393,2576,2393,2418",0.5729
97,"347,1368,347,1573,554,1573,554,1368",0.9266
97,"1367,1858,1367,2015,1524,2015,1524,1858",0.9154
97,"1469,2191,1469,2456,1687,2456,1687,2191",0.9087
97,"1730,909,1730,1086,1893,1086,1893,909",0.8907
97,"2105,74,2105,244,2337,244,2337,74",0.8890
97,"1295,936,1295,1145,1525,1145,1525,936",0.8884
97,"1296,1523,1296,1673,1441,1673,1441,1523",0.8751
97,"16,2257,16,2483,209,2483,209,2257",0.8750
97,"1885,1149,1885,1316,2062,1316,2062,1149",0.8696
97,"1768,171,1768,354,1946,354,1946,171",0.8544
97,"1054,0,1054,291,1370,291,1370,0",0.8488
97,"3,1976,3,2155,128,2155,128,1976",0.8154
97,"1270,676,1270,867,1410,867,1410,676",0.8104
97,"4,1234,4,1498,137,1498,137,1234",0.7937
97,"1786,0,1786,173,1981,173,1981,0",0.7857
97,"2168,1659,2168,1856,2404,1856,2404,1659",0.7696
97,"2157,2064,2157,2314,2404,2314,2404,2064",0.7649
97,"1966,2636,1966,2749,2117,2749,2117,2636",0.5908
97,"1592,2433,1592,2590,1733,2590,1733,2433",0.5244
97,"1686,1459,1686,1942,2095,1942,2095,1459",0.5074
101,"1857,441,1857,676,2066,676,2066,441",0.6376
101,"1118,12,1118,148,1234,148,1234,12",0.5376
101,"0,1195,0,1715,494,1715,494,1195",0.5284
101,"893,1520,893,1622,981,1622,981,1520",0.5182
103,"42,444,42,595,243,595,243,444",0.9335
103,"1360,750,1360,940,1544,940,1544,750",0.9171
103,"202,1025,202,1156,340,1156,340,1025",0.8914
103,"2145,805,2145,1055,2395,1055,2395,805",0.8870
103,"200,120,200,325,353,325,353,120",0.8724
103,"121,2005,121,2107,247,2107,247,2005",0.8701
103,"1401,1568,1401,1836,1640,1836,1640,1568",0.8662
103,"2010,1145,2010,1339,2249,1339,2249,1145",0.8660
103,"1633,1150,1633,1284,1763,1284,1763,1150",0.8517
103,"1661,858,1661,1047,1830,1047,1830,858",0.8502
103,"284,2119,284,2245,421,2245,421,2119",0.8406
103,"1067,374,1067,620,1356,620,1356,374",0.8373
103,"1869,1669,1869,1779,2035,1779,2035,1669",0.8283
103,"1717,2320,1717,2447,1855,2447,1855,2320",0.8237
103,"1690,513,1690,692,1943,692,1943,513",0.8180
103,"196,1304,196,1433,327,1433,327,1304",0.8169
103,"162,1848,162,1971,291,1971,291,1848",0.8060
103,"262,745,262,877,403,877,403,745",0.8019
103,"211,1521,211,1679,375,1679,375,1521",0.7961
103,"1860,710,1860,831,1956,831,1956,710",0.7772
103,"1921,1520,1921,1674,2082,1674,2082,1520",0.7650
103,"2320,339,2320,497,2467,497,2467,339",0.7586
103,"1655,57,1655,243,1773,243,1773,57",0.7584
103,"0,1096,0,1253,91,1253,91,1096",0.7568
103,"2198,2119,2198,2287,2471,2287,2471,2119",0.7514
103,"116,1263,116,1380,222,1380,222,1263",0.7411
103,"1594,1959,1594,2173,1798,2173,1798,1959",0.7189
103,"1456,1431,1456,1576,1633,1576,1633,1431",0.6703
103,"0,2266,0,2444,98,2444,98,2266",0.6394
103,"1252,2359,1252,2536,1412,2536,1412,2359",0.6057
103,"2,2670,2,2814,209,2814,209,2670",0.5066
106,"1947,924,1947,1070,2130,1070,2130,924",0.9103
106,"1922,1406,1922,1552,2076,1552,2076,1406",0.8900
106,"1936,2178,1936,2329,2094,2329,2094,2178",0.8809
106,"375,2224,375,2371,529,2371,529,2224",0.8808
106,"2113,1135,2113,1283,2278,1283,2278,1135",0.8711
106,"1823,1093,1823,1280,2006,1280,2006,1093",0.8674
106,"1765,2276,1765,2479,1948,2479,1948,2276",0.8621
106,"222,1645,222,1788,389,1788,389,1645",0.8490
106,"486,1285,486,1400,631,1400,631,1285",0.8318
106,"1747,1449,1747,1604,1892,1604,1892,1449",0.7999
106,"494,1784,494,1900,594,1900,594,1784",0.7828
106,"338,936,338,1156,574,1156,574,936",0.7761
106,"174,1486,174,1576,329,1576,329,1486",0.7535
106,"2252,565,2252,680,2380,680,2380,565",0.7510
106,"408,1944,408,2074,511,2074,511,1944",0.7489
106,"1762,458,1762,634,1910,634,1910,458",0.7222
106,"1782,636,1782,764,1919,764,1919,636",0.7095
106,"452,533,452,640,554,640,554,533",0.6861
106,"19,1812,19,2011,181,2011,181,1812",0.6703
106,"170,761,170,1095,462,1095,462,761",0.6423
106,"502,652,502,807,624,807,624,652",0.6280
106,"4,2388,4,2505,96,2505,96,2388",0.5874
106,"73,250,73,650,404,650,404,250",0.5872
106,"1386,1130,1386,1228,1528,1228,1528,1130",0.5474
106,"165,2446,165,2595,343,2595,343,2446",0.5336
106,"0,1994,0,2142,102,2142,102,1994",0.5046
106,"1945,2516,1945,2658,2089,2658,2089,2516",0.5027
107,"653,436,653,663,856,663,856,436",0.9498
107,"0,463,0,605,236,605,236,463",0.9117
107,"627,0,627,140,800,140,800,0",0.9072
107,"2118,1429,2118,1597,2327,1597,2327,1429",0.8987
107,"2297,1033,2297,1221,2471,1221,2471,1033",0.8829
107,"727,2264,727,2476,950,2476,950,2264",0.8794
107,"1873,1919,1873,2091,2015,2091,2015,1919",0.8706
107,"2250,26,2250,198,2442,198,2442,26",0.8534
107,"461,1938,461,2129,648,2129,648,1938",0.8472
107,"1808,76,1808,209,1939,209,1939,76",0.8470
107,"2139,2182,2139,2429,2303,2429,2303,2182",0.8273
107,"101,2215,101,2375,359,2375,359,2215",0.8022
107,"1922,1220,1922,1338,2046,1338,2046,1220",0.7980
107,"2346,2044,2346,2206,2468,2206,2468,2044",0.7899
107,"651,1753,651,2090,829,2090,829,1753",0.7711
107,"1649,592,1649,832,1813,832,1813,592",0.7616
107,"2090,1176,2090,1340,2222,1340,2222,1176",0.7388
107,"342,968,342,1384,718,1384,718,968",0.7273
107,"1912,915,1912,1062,2027,1062,2027,915",0.7250
107,"217,2353,217,2521,454,2521,454,2353",0.6281
107,"1954,555,1954,902,2328,902,2328,555",0.6161
107,"523,1400,523,1528,696,1528,696,1400",0.5747
108,"1695,181,1695,348,1863,348,1863,181",0.9197
108,"1861,1761,1861,1948,2052,1948,2052,1761",0.9138
108,"110,1344,110,1514,304,1514,304,1344",0.9105
108,"336,1,336,138,548,138,548,1",0.9005
108,"483,194,483,414,647,414,647,194",0.8934
108,"208,757,208,961,374,961,374,757",0.8855
108,"1372,1308,1372,1425,1548,1425,1548,1308",0.8844
108,"306,1134,306,1283,436,1283,436,1134",0.8646
108,"1621,723,1621,865,1774,865,1774,723",0.8626
108,"2040,506,2040,644,2222,644,2222,506",0.8607
108,"1960,1402,1960,1553,2103,1553,2103,1402",0.8459
108,"718,561,718,689,923,689,923,561",0.8376
108,"1321,1862,1321,2008,1508,2008,1508,1862",0.8303
108,"611,918,611,1022,733,1022,733,918",0.8254
108,"0,1905,0,2056,160,2056,160,1905",0.8196
108,"2065,1536,2065,1646,2284,1646,2284,1536",0.8084
108,"2252,1997,2252,2121,2462,2121,2462,1997",0.7994
108,"2195,12,2195,262,2471,262,2471,12",0.7911
108,"449,1774,449,1957,580,1957,580,1774",0.7859
108,"387,2143,387,2274,513,2274,513,2143",0.7841
108,"391,598,391,704,483,704,483,598",0.7821
108,"152,616,152,744,272,744,272,616",0.7805
108,"1817,872,1817,1058,1937,1058,1937,872",0.7628
108,"1497,2251,1497,2468,1675,2468,1675,2251",0.6522
108,"375,980,375,1101,465,1101,465,980",0.6191
108,"37,2534,37,2722,210,2722,210,2534",0.5608
108,"499,1631,499,1737,607,1737,607,1631",0.5512
108,"2126,2641,2126,2768,2318,2768,2318,2641",0.5413
108,"1805,764,1805,914,1904,914,1904,764",0.5305
110,"1741,2093,1741,2253,1924,2253,1924,2093",0.9306
110,"1393,51,1393,282,1557,282,1557,51",0.9150
110,"1878,853,1878,974,2041,974,2041,853",0.9006
110,"1446,441,1446,615,1610,615,1610,441",0.9003
110,"1739,663,1739,809,1895,809,1895,663",0.8867
110,"1652,1902,1652,2072,1807,2072,1807,1902",0.8805
110,"13,790,13,938,184,938,184,790",0.8743
110,"1532,2186,1532,2341,1672,2341,1672,2186",0.8397
110,"5,1888,5,2063,211,2063,211,1888",0.8392
110,"1182,0,1182,114,1350,114,1350,0",0.8134
110,"1685,1582,1685,1743,1851,1743,1851,1582",0.8038
110,"0,90,0,264,107,264,107,90",0.7619
110,"4,543,4,748,108,748,108,543",0.6689
110,"1469,1178,1469,1493,1844,1493,1844,1178",0.6339
110,"99,2392,99,2482,272,2482,272,2392",0.6057
110,"1600,0,1600,79,1843,79,1843,0",0.5708
110,"91,2389,91,2620,279,2620,279,2389",0.5387
116,"2124,752,2124,945,2347,945,2347,752",0.9149
116,"1937,371,1937,561,2116,561,2116,371",0.8751
116,"666,1504,666,1827,978,1827,978,1504",0.8578
116,"1255,499,1255,743,1546,743,1546,499",0.8517
116,"2157,1925,2157,2140,2434,2140,2434,1925",0.8381
116,"2109,1165,2109,1346,2290,1346,2290,1165",0.8178
116,"571,375,571,593,805,593,805,375",0.7978
116,"1157,1598,1157,1980,1548,1980,1548,1598",0.7737
116,"617,652,617,1041,998,1041,998,652",0.7635
116,"2284,1156,2284,1346,2455,1346,2455,1156",0.7607
116,"84,1085,84,1282,388,1282,388,1085",0.7595
116,"640,1129,640,1434,1095,1434,1095,1129",0.7125
116,"985,2245,985,2382,1164,2382,1164,2245",0.6990
116,"823,1982,823,2278,1115,2278,1115,1982",0.6851
116,"1297,1408,1297,1554,1442,1554,1442,1408",0.6403
116,"2370,1453,2370,1616,2465,1616,2465,1453",0.6320
116,"1155,2421,1155,2615,1344,2615,1344,2421",0.5689
116,"617,2239,617,2508,808,2508,808,2239",0.5535
116,"2382,538,2382,816,2464,816,2464,538",0.5033
116,"2310,2373,2310,2488,2471,2488,2471,2373",0.5019
118,"919,1933,919,2242,1150,2242,1150,1933",0.8615
118,"490,2000,490,2247,869,2247,869,2000",0.8520
118,"15,1235,15,1485,243,1485,243,1235",0.8028
118,"956,410,956,514,1052,514,1052,410",0.7429
118,"782,1437,782,1534,890,1534,890,1437",0.7155
118,"2196,2583,2196,2816,2384,2816,2384,2583",0.7107
118,"2236,1320,2236,1518,2402,1518,2402,1320",0.6526
129,"1095,767,1095,897,1279,897,1279,767",0.9124
129,"756,982,756,1097,896,1097,896,982",0.8429
129,"1085,1291,1085,1411,1193,1411,1193,1291",0.8380
129,"947,428,947,636,1051,636,1051,428",0.8256
129,"1188,0,1188,160,1294,160,1294,0",0.7505
129,"584,407,584,619,764,619,764,407",0.7478
129,"2128,1286,2128,1417,2255,1417,2255,1286",0.6788
129,"983,1832,983,1951,1069,1951,1069,1832",0.6041
129,"1323,1604,1323,1701,1471,1701,1471,1604",0.5706
129,"824,1699,824,1793,899,1793,899,1699",0.5450
129,"877,2382,877,2490,980,2490,980,2382",0.5284
129,"2357,2507,2357,2634,2458,2634,2458,2507",0.5212
134,"1348,52,1348,314,1551,314,1551,52",0.8951
134,"1460,560,1460,771,1682,771,1682,560",0.8916
134,"3,2231,3,2422,232,2422,232,2231",0.8891
134,"1268,1524,1268,1720,1440,1720,1440,1524",0.8738
134,"1289,1937,1289,2099,1456,2099,1456,1937",0.8733
134,"1305,1212,1305,1424,1516,1424,1516,1212",0.8461
134,"1544,2162,1544,2355,1760,2355,1760,2162",0.8419
134,"1271,532,1271,713,1424,713,1424,532",0.8227
134,"1257,778,1257,982,1455,982,1455,778",0.8068
134,"2195,2151,2195,2313,2448,2313,2448,2151",0.8031
134,"1352,1775,1352,1927,1513,1927,1513,1775",0.7890
134,"969,2219,969,2360,1148,2360,1148,2219",0.7727
134,"1254,2240,1254,2420,1482,2420,1482,2240",0.7701
134,"952,1210,952,1341,1154,1341,1154,1210",0.7237
134,"2039,511,2039,657,2272,657,2272,511",0.5860
134,"2238,226,2238,380,2459,380,2459,226",0.5528
134,"22,2496,22,2757,201,2757,201,2496",0.5353
134,"1656,615,1656,750,2033,750,2033,615",0.5219
134,"1722,866,1722,997,2079,997,2079,866",0.5076
134,"1507,1411,1507,1538,1602,1538,1602,1411",0.5018
135,"1239,2058,1239,2178,1345,2178,1345,2058",0.8486
135,"1111,101,1111,250,1242,250,1242,101",0.8027
135,"1107,1864,1107,1990,1211,1990,1211,1864",0.7894
135,"1130,326,1130,527,1287,527,1287,326",0.7647
135,"1027,2020,1027,2149,1142,2149,1142,2020",0.7497
135,"1028,2352,1028,2490,1167,2490,1167,2352",0.7254
135,"1164,2469,1164,2651,1342,2651,1342,2469",0.6183
135,"2388,266,2388,542,2457,542,2457,266",0.5018
136,"1324,240,1324,477,1553,477,1553,240",0.9356
136,"203,146,203,460,413,460,413,146",0.9166
136,"251,1904,251,2167,509,2167,509,1904",0.9090
136,"2067,1281,2067,1447,2359,1447,2359,1281",0.9079
136,"1625,68,1625,297,1808,297,1808,68",0.8726
136,"493,945,493,1255,739,1255,739,945",0.8718
136,"1773,617,1773,810,1974,810,1974,617",0.8712
136,"127,1694,127,1918,343,1918,343,1694",0.8703
136,"1854,905,1854,1142,2019,1142,2019,905",0.8643
136,"35,1354,35,1571,304,1571,304,1354",0.8485
136,"0,1049,0,1292,147,1292,147,1049",0.8352
136,"1873,2185,1873,2451,2135,2451,2135,2185",0.8320
136,"1912,23,1912,353,2192,353,2192,23",0.8258
136,"409,2209,409,2500,650,2500,650,2209",0.8234
136,"1620,349,1620,545,1845,545,1845,349",0.8213
136,"1723,1957,1723,2183,1943,2183,1943,1957",0.8067
136,"2125,2020,2125,2178,2387,2178,2387,2020",0.7936
136,"2073,1821,2073,2016,2270,2016,2270,1821",0.7844
136,"1591,1540,1591,1925,1870,1925,1870,1540",0.7597
136,"0,2315,0,2519,225,2519,225,2315",0.7394
136,"269,752,269,906,440,906,440,752",0.6402
136,"0,732,0,953,104,953,104,732",0.5566
137,"698,1378,698,1721,1071,1721,1071,1378",0.8957
137,"0,223,0,493,206,493,206,223",0.8485
137,"407,458,407,884,771,884,771,458",0.8429
137,"1745,347,1745,703,2202,703,2202,347",0.8326
137,"1016,658,1016,1029,1499,1029,1499,658",0.7092
137,"938,1017,938,1304,1226,1304,1226,1017",0.6858
137,"1010,1913,1010,2284,1383,2284,1383,1913",0.6249
137,"1034,2236,1034,2690,1407,2690,1407,2236",0.5382
139,"405,990,405,1331,736,1331,736,990",0.8088
139,"1612,1333,1612,1653,1964,1653,1964,1333",0.7482
139,"231,1,231,103,403,103,403,1",0.7377
139,"1726,1844,1726,2175,2041,2175,2041,1844",0.7374
139,"1476,940,1476,1149,1695,1149,1695,940",0.7192
139,"1831,2234,1831,2514,2126,2514,2126,2234",0.6346
139,"338,1751,338,1947,559,1947,559,1751",0.6070
139,"755,1278,755,1567,885,1567,885,1278",0.5573
139,"1015,2205,1015,2466,1287,2466,1287,2205",0.5050
152,"955,1170,955,1417,1184,1417,1184,1170",0.9154
152,"1024,189,1024,357,1204,357,1204,189",0.8932
152,"656,551,656,814,853,814,853,551",0.8891
152,"745,1546,745,1823,1031,1823,1031,1546",0.8654
152,"633,2229,633,2492,860,2492,860,2229",0.8650
152,"361,634,361,795,510,795,510,634",0.8197
152,"856,950,856,1183,1043,1183,1043,950",0.8060
152,"469,1939,469,2165,670,2165,670,1939",0.8000
152,"2229,1339,2229,1476,2352,1476,2352,1339",0.7792
152,"233,1420,233,1592,479,1592,479,1420",0.7778
152,"2271,1045,2271,1198,2386,1198,2386,1045",0.7409
152,"2349,2143,2349,2361,2463,2361,2463,2143",0.7326
152,"662,156,662,386,837,386,837,156",0.7253
152,"2378,1655,2378,1796,2468,1796,2468,1655",0.7214
152,"634,2028,634,2219,837,2219,837,2028",0.6860
152,"2380,1409,2380,1540,2468,1540,2468,1409",0.6363
152,"897,557,897,762,1046,762,1046,557",0.5693
152,"364,0,364,83,470,83,470,0",0.5143
153,"1500,621,1500,867,1703,867,1703,621",0.8908
153,"1237,376,1237,593,1454,593,1454,376",0.8570
153,"1750,171,1750,404,1939,404,1939,171",0.8568
153,"1648,2038,1648,2284,1933,2284,1933,2038",0.8555
153,"1845,2261,1845,2506,2071,2506,2071,2261",0.8546
153,"1491,1395,1491,1538,1650,1538,1650,1395",0.8447
153,"1873,751,1873,966,2092,966,2092,751",0.8420
153,"1682,1336,1682,1517,1840,1517,1840,1336",0.8276
153,"234,1998,234,2207,431,2207,431,1998",0.8269
153,"1020,2238,1020,2516,1280,2516,1280,2238",0.8207
153,"17,1326,17,1518,184,1518,184,1326",0.8132
153,"267,97,267,303,442,303,442,97",0.8025
153,"1568,1037,1568,1188,1703,1188,1703,1037",0.7901
153,"1351,1830,1351,1987,1511,1987,1511,1830",0.7900
153,"9,1522,9,1661,140,1661,140,1522",0.7892
153,"336,1719,336,1840,461,1840,461,1719",0.7742
153,"1531,1657,1531,1909,1712,1909,1712,1657",0.7635
153,"6,1159,6,1324,162,1324,162,1159",0.7512
153,"1330,1537,1330,1667,1457,1667,1457,1537",0.7292
153,"1506,1959,1506,2117,1667,2117,1667,1959",0.7216
153,"280,2319,280,2479,436,2479,436,2319",0.7092
153,"1543,90,1543,253,1672,253,1672,90",0.7091
153,"1934,1141,1934,1326,2135,1326,2135,1141",0.6999
153,"2,2004,2,2123,84,2123,84,2004",0.6994
153,"19,268,19,411,141,411,141,268",0.6296
153,"1321,2382,1321,2578,1494,2578,1494,2382",0.6286
153,"0,922,0,1135,169,1135,169,922",0.6268
153,"85,544,85,856,296,856,296,544",0.6266
153,"0,2182,0,2324,102,2324,102,2182",0.5696
153,"1518,2596,1518,2741,1682,2741,1682,2596",0.5650
153,"1190,14,1190,196,1362,196,1362,14",0.5402
153,"2056,1777,2056,2069,2383,2069,2383,1777",0.5327
153,"1239,2742,1239,2928,1417,2928,1417,2742",0.5181
153,"1653,2,1653,110,1794,110,1794,2",0.5032
155,"250,1786,250,1915,426,1915,426,1786",0.8841
155,"487,1507,487,1630,664,1630,664,1507",0.8771
155,"208,1033,208,1141,427,1141,427,1033",0.8679
155,"843,1269,843,1405,1004,1405,1004,1269",0.8560
155,"2085,1598,2085,1792,2252,1792,2252,1598",0.8492
155,"657,1851,657,2032,811,2032,811,1851",0.8073
155,"537,903,537,1072,767,1072,767,903",0.7998
155,"2117,305,2117,652,2444,652,2444,305",0.7870
155,"875,2306,875,2463,981,2463,981,2306",0.7725
155,"2310,959,2310,1242,2470,1242,2470,959",0.7656
155,"1051,1330,1051,1551,1220,1551,1220,1330",0.7613
155,"743,2260,743,2410,872,2410,872,2260",0.7589
155,"2366,1888,2366,2106,2463,2106,2463,1888",0.6866
155,"2045,2071,2045,2282,2284,2282,2284,2071",0.6731
155,"737,116,737,227,868,227,868,116",0.6725
155,"630,270,630,414,743,414,743,270",0.6118
155,"954,392,954,510,1159,510,1159,392",0.5387
159,"2025,1267,2025,1546,2283,1546,2283,1267",0.9102
159,"1938,2128,1938,2386,2210,2386,2210,2128",0.8934
159,"317,518,317,778,586,778,586,518",0.8896
159,"501,0,501,250,730,250,730,0",0.8459
159,"163,832,163,1099,444,1099,444,832",0.8433
159,"1263,859,1263,1123,1577,1123,1577,859",0.8421
159,"863,1751,863,2016,1161,2016,1161,1751",0.8405
159,"777,122,777,313,946,313,946,122",0.8374
159,"1170,1323,1170,1648,1503,1648,1503,1323",0.8330
159,"782,1364,782,1626,1005,1626,1005,1364",0.8158
159,"856,961,856,1166,1021,1166,1021,961",0.8093
159,"2006,145,2006,416,2259,416,2259,145",0.7757
159,"1,10,1,179,247,179,247,10",0.7504
159,"307,1468,307,1727,518,1727,518,1468",0.7420
159,"508,1133,508,1489,844,1489,844,1133",0.7389
159,"774,539,774,865,1129,865,1129,539",0.7380
159,"1035,2095,1035,2348,1295,2348,1295,2095",0.7327
159,"2238,2003,2238,2263,2469,2263,2469,2003",0.7139
159,"2247,862,2247,1111,2469,1111,2469,862",0.6821
159,"2232,4,2232,99,2451,99,2451,4",0.6710
159,"2219,599,2219,849,2445,849,2445,599",0.6511
159,"1120,1,1120,102,1242,102,1242,1",0.6426
159,"19,2164,19,2569,552,2569,552,2164",0.6173
159,"705,2093,705,2362,943,2362,943,2093",0.5028
160,"2191,663,2191,945,2445,945,2445,663",0.8028
160,"1470,877,1470,1225,1832,1225,1832,877",0.7954
160,"1814,1250,1814,1390,2087,1390,2087,1250",0.7300
160,"437,388,437,732,922,732,922,388",0.7279
160,"1424,2049,1424,2299,1714,2299,1714,2049",0.6955
160,"616,1586,616,1997,1019,1997,1019,1586",0.6710
160,"1220,10,1220,313,1602,313,1602,10",0.6630
160,"2103,2233,2103,2534,2471,2534,2471,2233",0.6296
160,"2318,0,2318,210,2465,210,2465,0",0.6288
160,"789,672,789,1019,1261,1019,1261,672",0.5987
160,"670,2104,670,2569,1216,2569,1216,2104",0.5985
160,"884,0,884,583,1418,583,1418,0",0.5940
160,"1218,1643,1218,2052,1615,2052,1615,1643",0.5834
160,"234,1144,234,1585,877,1585,877,1144",0.5599
160,"281,1235,281,1510,605,1510,605,1235",0.5358
160,"1170,548,1170,745,1394,745,1394,548",0.5203
162,"1415,1652,1415,1797,1576,1797,1576,1652",0.9195
162,"1747,2108,1747,2286,1973,2286,1973,2108",0.9065
162,"49,89,49,387,207,387,207,89",0.8903
162,"90,999,90,1333,275,1333,275,999",0.8888
162,"2074,68,2074,223,2347,223,2347,68",0.8535
162,"1241,1253,1241,1420,1398,1420,1398,1253",0.8461
162,"2008,1065,2008,1193,2267,1193,2267,1065",0.8401
162,"1827,1303,1827,1455,2088,1455,2088,1303",0.8291
162,"1688,1610,1688,1843,1853,1843,1853,1610",0.8197
162,"1602,447,1602,670,1813,670,1813,447",0.8163
162,"0,1781,0,1957,96,1957,96,1781",0.7967
162,"1094,1729,1094,1845,1288,1845,1288,1729",0.7923
162,"17,2131,17,2411,195,2411,195,2131",0.7722
162,"277,65,277,291,388,291,388,65",0.7584
162,"1520,346,1520,475,1625,475,1625,346",0.7545
162,"1470,192,1470,334,1586,334,1586,192",0.7532
162,"1462,2137,1462,2309,1624,2309,1624,2137",0.7520
162,"1592,936,1592,1196,1787,1196,1787,936",0.7466
162,"0,357,0,465,82,465,82,357",0.7210
162,"1342,2351,1342,2554,1657,2554,1657,2351",0.6578
162,"1710,2,1710,158,1848,158,1848,2",0.6462
162,"1626,749,1626,976,1765,976,1765,749",0.6303
162,"8,780,8,943,95,943,95,780",0.5989
162,"1572,769,1572,1110,1797,1110,1797,769",0.5725
166,"19,1199,19,1364,214,1364,214,1199",0.8963
166,"1684,1927,1684,2064,1823,2064,1823,1927",0.8706
166,"1846,1991,1846,2118,1979,2118,1979,1991",0.8516
166,"220,386,220,512,362,512,362,386",0.8335
166,"509,270,509,443,658,443,658,270",0.8248
166,"1844,341,1844,510,1996,510,1996,341",0.8189
166,"1571,707,1571,840,1702,840,1702,707",0.8187
166,"1428,265,1428,439,1608,439,1608,265",0.8073
166,"175,2117,175,2233,314,2233,314,2117",0.8017
166,"1604,2060,1604,2204,1726,2204,1726,2060",0.7985
166,"267,559,267,688,399,688,399,559",0.7919
166,"8,1904,8,2037,160,2037,160,1904",0.7812
166,"51,246,51,423,187,423,187,246",0.7759
166,"214,1669,214,1822,368,1822,368,1669",0.7697
166,"1466,2047,1466,2202,1587,2202,1587,2047",0.7573
166,"1785,68,1785,194,1907,194,1907,68",0.7488
166,"218,1926,218,2047,329,2047,329,1926",0.7464
166,"1656,384,1656,514,1783,514,1783,384",0.7422
166,"1628,1032,1628,1167,1745,1167,1745,1032",0.7381
166,"415,1049,415,1206,547,1206,547,1049",0.7247
166,"280,23,280,177,381,177,381,23",0.7222
166,"1626,10,1626,168,1759,168,1759,10",0.7202
166,"1621,1367,1621,1473,1721,1473,1721,1367",0.7028
166,"354,2242,354,2348,448,2348,448,2242",0.6982
166,"256,1359,256,1475,385,1475,385,1359",0.6820
166,"231,2382,231,2483,364,2483,364,2382",0.6729
166,"69,885,69,1048,262,1048,262,885",0.6664
166,"1879,2527,1879,2646,2034,2646,2034,2527",0.6506
166,"456,2145,456,2272,579,2272,579,2145",0.6378
166,"1616,581,1616,673,1720,673,1720,581",0.6360
166,"1672,1703,1672,1808,1769,1808,1769,1703",0.6280
166,"127,1366,127,1503,383,1503,383,1366",0.6246
166,"140,1379,140,1496,256,1496,256,1379",0.5818
166,"1745,2884,1745,3025,1924,3025,1924,2884",0.5582
166,"469,824,469,930,590,930,590,824",0.5523
166,"1878,1655,1878,1782,1994,1782,1994,1655",0.5518
166,"1624,2496,1624,2615,1743,2615,1743,2496",0.5366
166,"1488,1634,1488,1734,1598,1734,1598,1634",0.5360
166,"2,1592,2,1720,77,1720,77,1592",0.5348
168,"1232,1520,1232,1723,1475,1723,1475,1520",0.8782
168,"219,1364,219,1581,446,1581,446,1364",0.8679
168,"173,1627,173,1897,447,1897,447,1627",0.8647
168,"1987,1089,1987,1406,2329,1406,2329,1089",0.8276
168,"423,2,423,171,614,171,614,2",0.8275
168,"1346,2210,1346,2532,1659,2532,1659,2210",0.7879
168,"1615,1701,1615,1915,1831,1915,1831,1701",0.7690
168,"683,883,683,1167,992,1167,992,883",0.7573
168,"1988,2126,1988,2384,2292,2384,2292,2126",0.7546
168,"1588,328,1588,606,1809,606,1809,328",0.7534
168,"505,554,505,889,798,889,798,554",0.7466
168,"1512,1762,1512,1996,1693,1996,1693,1762",0.7303
168,"85,2274,85,2507,336,2507,336,2274",0.7050
168,"1444,696,1444,848,1621,848,1621,696",0.6311
168,"465,662,465,977,718,977,718,662",0.6098
173,"1139,1020,1139,1212,1352,1212,1352,1020",0.9087
173,"1496,442,1496,646,1652,646,1652,442",0.8857
173,"2158,1074,2158,1298,2402,1298,2402,1074",0.8516
173,"86,1956,86,2145,268,2145,268,1956",0.8377
173,"1610,1393,1610,1601,1907,1601,1907,1393",0.8278
173,"1600,2091,1600,2330,1827,2330,1827,2091",0.8059
173,"1691,201,1691,384,1847,384,1847,201",0.7995
173,"1563,133,1563,266,1689,266,1689,133",0.7775
173,"251,1625,251,1732,363,1732,363,1625",0.7146
173,"378,465,378,582,483,582,483,465",0.6988
173,"1729,1644,1729,1745,1847,1745,1847,1644",0.6945
173,"1504,797,1504,951,1677,951,1677,797",0.6939
173,"66,212,66,370,218,370,218,212",0.6904
173,"2,636,2,770,118,770,118,636",0.6634
173,"329,939,329,1070,444,1070,444,939",0.6565
173,"1622,1839,1622,2001,1755,2001,1755,1839",0.6257
173,"1954,1399,1954,1556,2072,1556,2072,1399",0.5885
173,"77,1239,77,1344,210,1344,210,1239",0.5838
173,"8,1628,8,1751,155,1751,155,1628",0.5581
173,"998,1663,998,1827,1190,1827,1190,1663",0.5225
173,"1886,765,1886,858,1993,858,1993,765",0.5184
178,"1748,1801,1748,1929,1921,1929,1921,1801",0.9248
178,"1451,470,1451,610,1595,610,1595,470",0.9165
178,"1309,789,1309,927,1474,927,1474,789",0.9004
178,"170,2072,170,2200,330,2200,330,2072",0.8824
178,"0,257,0,427,149,427,149,257",0.8592
178,"1703,66,1703,344,1887,344,1887,66",0.8434
178,"2,2237,2,2529,220,2529,220,2237",0.8247
178,"1582,306,1582,428,1694,428,1694,306",0.8226
178,"1907,1073,1907,1217,2154,1217,2154,1073",0.8144
178,"3,1190,3,1359,154,1359,154,1190",0.8053
178,"1835,2203,1835,2440,2079,2440,2079,2203",0.7830
178,"6,0,6,151,134,151,134,0",0.7661
178,"1616,651,1616,772,1722,772,1722,651",0.7598
178,"1217,1311,1217,1610,1548,1610,1548,1311",0.7534
178,"0,879,0,1180,176,1180,176,879",0.7348
178,"0,1513,0,1828,161,1828,161,1513",0.7299
178,"2184,1902,2184,2132,2464,2132,2464,1902",0.6940
178,"1646,519,1646,698,1807,698,1807,519",0.6881
178,"1502,973,1502,1195,1697,1195,1697,973",0.6818
178,"1640,1738,1640,1866,1757,1866,1757,1738",0.6717
179,"1958,1933,1958,2168,2204,2168,2204,1933",0.8391
179,"2194,613,2194,805,2403,805,2403,613",0.8186
179,"2356,1487,2356,1619,2463,1619,2463,1487",0.7789
179,"1296,1610,1296,1740,1447,1740,1447,1610",0.7775
179,"64,352,64,485,334,485,334,352",0.7439
179,"2102,2248,2102,2425,2293,2425,2293,2248",0.7435
179,"2233,2049,2233,2169,2355,2169,2355,2049",0.7385
179,"2359,1720,2359,1845,2461,1845,2461,1720",0.7274
179,"656,1776,656,1982,948,1982,948,1776",0.6515
179,"345,2056,345,2439,797,2439,797,2056",0.6350
179,"891,1368,891,1468,976,1468,976,1368",0.6257
179,"2098,756,2098,902,2253,902,2253,756",0.6233
179,"4,2368,4,2523,255,2523,255,2368",0.5879
179,"815,2277,815,2444,936,2444,936,2277",0.5479
180,"2120,449,2120,591,2282,591,2282,449",0.8208
180,"2017,161,2017,275,2126,275,2126,161",0.8162
180,"1950,751,1950,863,2052,863,2052,751",0.7994
180,"138,2144,138,2261,251,2261,251,2144",0.7937
180,"1011,1972,1011,2114,1169,2114,1169,1972",0.7918
180,"1124,1710,1124,1809,1242,1809,1242,1710",0.7756
180,"1879,1372,1879,1478,1998,1478,1998,1372",0.7530
180,"2108,1826,2108,1928,2210,1928,2210,1826",0.7501
180,"2140,861,2140,968,2248,968,2248,861",0.7462
180,"2188,1293,2188,1396,2284,1396,2284,1293",0.7443
180,"206,1973,206,2096,320,2096,320,1973",0.7307
180,"1009,2147,1009,2247,1111,2247,1111,2147",0.7286
180,"189,1792,189,1913,303,1913,303,1792",0.7209
180,"250,680,250,801,364,801,364,680",0.7178
180,"1996,1206,1996,1303,2091,1303,2091,1206",0.7110
180,"1003,1427,1003,1546,1110,1546,1110,1427",0.6586
180,"2220,2689,2220,2799,2310,2799,2310,2689",0.6566
180,"2161,999,2161,1099,2277,1099,2277,999",0.6537
180,"2037,1421,2037,1520,2120,1520,2120,1421",0.6451
180,"90,1724,90,1836,191,1836,191,1724",0.6447
180,"1028,1240,1028,1353,1135,1353,1135,1240",0.6375
180,"2157,1551,2157,1701,2295,1701,2295,1551",0.6339
180,"2249,59,2249,163,2351,163,2351,59",0.6203
180,"1926,1819,1926,1916,2029,1916,2029,1819",0.6146
180,"1143,1834,1143,1927,1230,1927,1230,1834",0.6035
180,"222,212,222,332,331,332,331,212",0.6003
180,"1868,373,1868,536,2019,536,2019,373",0.5971
180,"116,1203,116,1415,283,1415,283,1203",0.5915
180,"1944,2059,1944,2157,2033,2157,2033,2059",0.5797
180,"2020,2703,2020,2800,2113,2800,2113,2703",0.5764
180,"1122,22,1122,192,1259,192,1259,22",0.5624
180,"128,1490,128,1602,252,1602,252,1490",0.5437
180,"1104,852,1104,972,1205,972,1205,852",0.5287
180,"198,846,198,952,288,952,288,846",0.5269
180,"2328,2141,2328,2243,2442,2243,2442,2141",0.5239
180,"1858,131,1858,216,1940,216,1940,131",0.5176
181,"213,2231,213,2403,442,2403,442,2231",0.8562
181,"2068,1966,2068,2101,2210,2101,2210,1966",0.8325
181,"260,1752,260,1878,387,1878,387,1752",0.8178
181,"1123,1897,1123,2046,1279,2046,1279,1897",0.8090
181,"1210,2066,1210,2193,1334,2193,1334,2066",0.7838
181,"2060,1785,2060,1935,2198,1935,2198,1785",0.7815
181,"2079,680,2079,812,2226,812,2226,680",0.7790
181,"332,1109,332,1260,457,1260,457,1109",0.7775
181,"1281,1804,1281,1929,1402,1929,1402,1804",0.7748
181,"2108,209,2108,337,2236,337,2236,209",0.7712
181,"1280,1656,1280,1788,1411,1788,1411,1656",0.7631
181,"1965,1713,1965,1818,2072,1818,2072,1713",0.7583
181,"303,449,303,589,429,589,429,449",0.7321
181,"1992,2140,1992,2255,2113,2255,2113,2140",0.7321
181,"1070,2151,1070,2303,1219,2303,1219,2151",0.7306
181,"2044,835,2044,970,2181,970,2181,835",0.7256
181,"2015,1489,2015,1590,2117,1590,2117,1489",0.7206
181,"2004,1213,2004,1363,2146,1363,2146,1213",0.7109
181,"1279,1085,1279,1211,1412,1211,1412,1085",0.7047
181,"1164,2352,1164,2447,1287,2447,1287,2352",0.6989
181,"318,2020,318,2175,468,2175,468,2020",0.6913
181,"77,74,77,219,204,219,204,74",0.6899
181,"161,1390,161,1502,292,1502,292,1390",0.6509
181,"1155,766,1155,898,1284,898,1284,766",0.6359
181,"1072,1523,1072,1667,1211,1667,1211,1523",0.6357
181,"235,1541,235,1658,343,1658,343,1541",0.6339
181,"391,337,391,439,498,439,498,337",0.6237
181,"20,2332,20,2461,194,2461,194,2332",0.6215
181,"391,80,391,193,504,193,504,80",0.6157
181,"304,856,304,979,428,979,428,856",0.6155
181,"980,1178,980,1305,1091,1305,1091,1178",0.5915
181,"1026,263,1026,384,1147,384,1147,263",0.5697
181,"973,784,973,895,1084,895,1084,784",0.5526
181,"211,738,211,854,325,854,325,738",0.5384
181,"126,2675,126,2833,294,2833,294,2675",0.5357
181,"119,904,119,1041,266,1041,266,904",0.5339
181,"313,2424,313,2561,449,2561,449,2424",0.5179
181,"1994,286,1994,374,2077,374,2077,286",0.5025
187,"1066,1451,1066,1639,1252,1639,1252,1451",0.8563
187,"885,1686,885,1839,1031,1839,1031,1686",0.8522
187,"2001,146,2001,308,2164,308,2164,146",0.8375
187,"805,2042,805,2160,921,2160,921,2042",0.8072
187,"441,2186,441,2311,572,2311,572,2186",0.8060
187,"2156,1885,2156,2026,2309,2026,2309,1885",0.8050
187,"1995,1964,1995,2127,2145,2127,2145,1964",0.8032
187,"1994,2159,1994,2291,2145,2291,2145,2159",0.7987
187,"1940,446,1940,591,2085,591,2085,446",0.7930
187,"1063,2248,1063,2404,1230,2404,1230,2248",0.7919
187,"2115,797,2115,1009,2303,1009,2303,797",0.7759
187,"2209,6,2209,139,2374,139,2374,6",0.7554
187,"872,1303,872,1456,1045,1456,1045,1303",0.7507
187,"1002,213,1002,367,1138,367,1138,213",0.7482
187,"1004,1809,1004,1930,1106,1930,1106,1809",0.7463
187,"1968,1015,1968,1153,2119,1153,2119,1015",0.7436
187,"2343,130,2343,276,2471,276,2471,130",0.7337
187,"2148,576,2148,724,2293,724,2293,576",0.7295
187,"2037,1750,2037,1892,2189,1892,2189,1750",0.7188
187,"1227,2400,1227,2501,1336,2501,1336,2400",0.7138
187,"2148,1175,2148,1309,2296,1309,2296,1175",0.7109
187,"2137,2303,2137,2457,2288,2457,2288,2303",0.7043
187,"903,643,903,767,1016,767,1016,643",0.6986
187,"2314,1378,2314,1498,2413,1498,2413,1378",0.6948
187,"2186,2097,2186,2240,2324,2240,2324,2097",0.6934
187,"2385,1553,2385,1685,2468,1685,2468,1553",0.6907
187,"1215,1242,1215,1391,1351,1391,1351,1242",0.6881
187,"90,440,90,542,194,542,194,440",0.6809
187,"690,985,690,1110,809,1110,809,985",0.6767
187,"2298,853,2298,975,2401,975,2401,853",0.6489
187,"2136,1286,2136,1440,2299,1440,2299,1286",0.6380
187,"1731,2241,1731,2348,1823,2348,1823,2241",0.6278
187,"1991,2301,1991,2442,2144,2442,2144,2301",0.6106
187,"1180,778,1180,932,1319,932,1319,778",0.5789
187,"1282,661,1282,787,1401,787,1401,661",0.5764
187,"2348,275,2348,383,2452,383,2452,275",0.5721
187,"1924,1395,1924,1484,2005,1484,2005,1395",0.5502
187,"1123,662,1123,781,1232,781,1232,662",0.5247
187,"777,2436,777,2570,1245,2570,1245,2436",0.5245
187,"2162,1458,2162,1608,2316,1608,2316,1458",0.5236
187,"592,2502,592,2615,717,2615,717,2502",0.5198
187,"763,397,763,500,859,500,859,397",0.5171
187,"1258,1162,1258,1281,1365,1281,1365,1162",0.5071
189,"812,1305,812,1428,929,1428,929,1305",0.7175
189,"158,2133,158,2230,263,2230,263,2133",0.6988
189,"1899,2045,1899,2155,2007,2155,2007,2045",0.6808
189,"154,2572,154,2673,234,2673,234,2572",0.6001
189,"2071,1090,2071,1172,2155,1172,2155,1090",0.5181
189,"373,1191,373,1295,464,1295,464,1191",0.5087
190,"1991,2333,1991,2448,2136,2448,2136,2333",0.6807
194,"2139,389,2139,510,2260,510,2260,389",0.6595
198,"2158,832,2158,965,2304,965,2304,832",0.8022
198,"1792,692,1792,797,1883,797,1883,692",0.6177
198,"2092,2244,2092,2338,2191,2338,2191,2244",0.6162
198,"2091,1754,2091,1865,2205,1865,2205,1754",0.5140
199,"935,866,935,973,1048,973,1048,866",0.7195
199,"988,602,988,715,1111,715,1111,602",0.6880
199,"529,718,529,847,643,847,643,718",0.6451
200,"1302,1865,1302,2023,1503,2023,1503,1865",0.5711
200,"825,2059,825,2152,926,2152,926,2059",0.5624
201,"1389,1983,1389,2232,1616,2232,1616,1983",0.8876
201,"1982,1666,1982,1835,2170,1835,2170,1666",0.8426
201,"2057,1930,2057,2293,2466,2293,2466,1930",0.8062
201,"613,356,613,510,761,510,761,356",0.7976
201,"1741,709,1741,984,2171,984,2171,709",0.7887
201,"806,966,806,1160,1001,1160,1001,966",0.7772
201,"1935,424,1935,660,2236,660,2236,424",0.7516
201,"2270,761,2270,959,2459,959,2459,761",0.7182
205,"319,917,319,1183,580,1183,580,917",0.8838
205,"312,580,312,851,581,851,581,580",0.8816
205,"2216,723,2216,992,2466,992,2466,723",0.8776
205,"8,881,8,1163,253,1163,253,881",0.8724
205,"1255,431,1255,655,1436,655,1436,431",0.8623
205,"279,328,279,571,550,571,550,328",0.7753
205,"1637,1299,1637,1670,1983,1670,1983,1299",0.7624
205,"92,376,92,533,238,533,238,376",0.6370
209,"469,1817,469,2069,697,2069,697,1817",0.8661
209,"493,503,493,804,772,804,772,503",0.8428
209,"5,357,5,718,296,718,296,357",0.7780
209,"22,1368,22,1518,147,1518,147,1368",0.6846
210,"9,1306,9,1661,329,1661,329,1306",0.8291
210,"2029,570,2029,984,2430,984,2430,570",0.8055
214,"920,397,920,564,1094,564,1094,397",0.8679
214,"2244,682,2244,921,2471,921,2471,682",0.8493
214,"1443,2252,1443,2398,1577,2398,1577,2252",0.8066
214,"1146,1585,1146,1723,1281,1723,1281,1585",0.7847
214,"317,746,317,871,434,871,434,746",0.7804
214,"1505,593,1505,752,1638,752,1638,593",0.7710
214,"2056,1675,2056,1839,2258,1839,2258,1675",0.6057
219,"981,841,981,1019,1165,1019,1165,841",0.8967
219,"1255,924,1255,1048,1353,1048,1353,924",0.7234
219,"1187,1993,1187,2138,1294,2138,1294,1993",0.6988
219,"960,2323,960,2459,1081,2459,1081,2323",0.6779
219,"1083,1470,1083,1587,1194,1587,1194,1470",0.6700
219,"969,1055,969,1155,1063,1155,1063,1055",0.6118
219,"806,1393,806,1495,921,1495,921,1393",0.6087
220,"938,66,938,232,1092,232,1092,66",0.8241
221,"1684,2451,1684,2760,1976,2760,1976,2451",0.7151
232,"1324,361,1324,591,1554,591,1554,361",0.8848
232,"1555,973,1555,1148,1751,1148,1751,973",0.8644
232,"1955,265,1955,409,2109,409,2109,265",0.8366
232,"1703,2074,1703,2214,1881,2214,1881,2074",0.8297
232,"1158,2319,1158,2452,1289,2452,1289,2319",0.7946
232,"1027,2060,1027,2211,1156,2211,1156,2060",0.7744
232,"1281,47,1281,179,1426,179,1426,47",0.7323
232,"1321,223,1321,328,1428,328,1428,223",0.6422
232,"1562,2353,1562,2476,1683,2476,1683,2353",0.6023
232,"1145,6,1145,145,1275,145,1275,6",0.5824
232,"1048,2412,1048,2512,1150,2512,1150,2412",0.5438
232,"1228,536,1228,672,1357,672,1357,536",0.5248
232,"1051,95,1051,201,1123,201,1123,95",0.5114
233,"1578,67,1578,218,1749,218,1749,67",0.8636
233,"1518,2082,1518,2244,1687,2244,1687,2082",0.8621
233,"1398,1669,1398,1817,1545,1817,1545,1669",0.8555
233,"1325,1426,1325,1573,1469,1573,1469,1426",0.8401
233,"1680,2181,1680,2322,1811,2322,1811,2181",0.7528
233,"1450,409,1450,526,1567,526,1567,409",0.7426
233,"1380,1199,1380,1310,1486,1310,1486,1199",0.7369
233,"1746,2443,1746,2581,1893,2581,1893,2443",0.6953
233,"1272,2270,1272,2467,1424,2467,1424,2270",0.6698
233,"950,801,950,913,1051,913,1051,801",0.6661
233,"1209,800,1209,988,1445,988,1445,800",0.6201
233,"1169,1792,1169,1899,1259,1899,1259,1792",0.6180
233,"912,28,912,140,1019,140,1019,28",0.5821
233,"1098,485,1098,587,1227,587,1227,485",0.5587
236,"1364,1819,1364,2028,1552,2028,1552,1819",0.8960
236,"1397,1177,1397,1402,1600,1402,1600,1177",0.8929
236,"953,1658,953,1861,1156,1861,1156,1658",0.8787
236,"1299,1463,1299,1719,1598,1719,1598,1463",0.8491
236,"1370,791,1370,931,1553,931,1553,791",0.8166
236,"1233,942,1233,1108,1388,1108,1388,942",0.8141
236,"1132,746,1132,856,1236,856,1236,746",0.8070
236,"1102,2215,1102,2490,1387,2490,1387,2215",0.7219
236,"2190,2710,2190,2895,2374,2895,2374,2710",0.6162
236,"1203,195,1203,293,1317,293,1317,195",0.5944
236,"1238,454,1238,626,1386,626,1386,454",0.5811
236,"1143,606,1143,707,1249,707,1249,606",0.5669
236,"1131,458,1131,572,1236,572,1236,458",0.5393
237,"1249,627,1249,808,1423,808,1423,627",0.9027
237,"1386,808,1386,998,1563,998,1563,808",0.8886
237,"1391,2248,1391,2383,1539,2383,1539,2248",0.8641
237,"1628,735,1628,857,1745,857,1745,735",0.8276
237,"1366,190,1366,404,1581,404,1581,190",0.8023
237,"1183,1715,1183,1854,1310,1854,1310,1715",0.7776
237,"1386,1307,1386,1504,1612,1504,1612,1307",0.7723
237,"1238,1964,1238,2127,1386,2127,1386,1964",0.7454
237,"1465,48,1465,257,1727,257,1727,48",0.7206
237,"1062,941,1062,1139,1249,1139,1249,941",0.5570
237,"1241,2440,1241,2579,1374,2579,1374,2440",0.5549
237,"1131,2002,1131,2153,1277,2153,1277,2002",0.5412
244,"1163,1152,1163,1414,1415,1414,1415,1152",0.8876
244,"1222,1876,1222,2023,1385,2023,1385,1876",0.8376
244,"1702,633,1702,811,1857,811,1857,633",0.8350
244,"1253,958,1253,1158,1499,1158,1499,958",0.8317
244,"1355,619,1355,873,1600,873,1600,619",0.8114
244,"1441,1494,1441,1755,1678,1755,1678,1494",0.7934
244,"1987,2292,1987,2493,2239,2493,2239,2292",0.7829
244,"1320,306,1320,494,1496,494,1496,306",0.7766
244,"1322,2155,1322,2451,1619,2451,1619,2155",0.7463
244,"1993,1070,1993,1230,2147,1230,2147,1070",0.7254
244,"1416,101,1416,352,1689,352,1689,101",0.7034
244,"1532,236,1532,469,1733,469,1733,236",0.5221
245,"1227,842,1227,1033,1428,1033,1428,842",0.8999
245,"1451,431,1451,657,1691,657,1691,431",0.8976
245,"1065,592,1065,746,1226,746,1226,592",0.8808
245,"1734,1540,1734,1730,1942,1730,1942,1540",0.8648
245,"1373,1116,1373,1362,1636,1362,1636,1116",0.8570
245,"2093,72,2093,364,2380,364,2380,72",0.8471
245,"1985,2192,1985,2322,2101,2322,2101,2192",0.7788
245,"1655,56,1655,352,1984,352,1984,56",0.7699
245,"1460,654,1460,815,1611,815,1611,654",0.7630
245,"1327,1983,1327,2158,1505,2158,1505,1983",0.7601
245,"1418,1733,1418,1983,1673,1983,1673,1733",0.7565
245,"1360,2330,1360,2531,1592,2531,1592,2330",0.7150
245,"1522,1331,1522,1522,1721,1522,1721,1331",0.7010
245,"1694,2418,1694,2563,1850,2563,1850,2418",0.6937
245,"1271,2628,1271,2853,1486,2853,1486,2628",0.5751
245,"1477,1856,1477,2119,1727,2119,1727,1856",0.5023
247,"954,1694,954,1908,1185,1908,1185,1694",0.9272
247,"656,1481,656,1706,896,1706,896,1481",0.8617
247,"1111,313,1111,543,1389,543,1389,313",0.8011
247,"1190,1008,1190,1166,1337,1166,1337,1008",0.7747
247,"1074,855,1074,969,1178,969,1178,855",0.7570
247,"961,2031,961,2185,1145,2185,1145,2031",0.6869
247,"1056,2525,1056,2686,1240,2686,1240,2525",0.5184
248,"879,1887,879,2051,1051,2051,1051,1887",0.8366
248,"1012,0,1012,150,1166,150,1166,0",0.8294
248,"966,1304,966,1415,1079,1415,1079,1304",0.6698
248,"1315,712,1315,830,1433,830,1433,712",0.6366
255,"1226,793,1226,1015,1443,1015,1443,793",0.9266
255,"1666,611,1666,826,1876,826,1876,611",0.9154
255,"1258,292,1258,532,1484,532,1484,292",0.9059
255,"1209,1199,1209,1411,1424,1411,1424,1199",0.8989
255,"1429,945,1429,1165,1636,1165,1636,945",0.8765
255,"1405,1443,1405,1667,1611,1667,1611,1443",0.8623
255,"784,1095,784,1292,988,1292,988,1095",0.8560
255,"691,462,691,652,869,652,869,462",0.8524
255,"950,0,950,143,1123,143,1123,0",0.8428
255,"484,214,484,392,686,392,686,214",0.8318
255,"2146,4,2146,151,2331,151,2331,4",0.8180
255,"1202,0,1202,168,1417,168,1417,0",0.8081
255,"1145,2255,1145,2489,1410,2489,1410,2255",0.8066
255,"16,1549,16,1719,179,1719,179,1549",0.7651
255,"1254,1789,1254,2130,1585,2130,1585,1789",0.7245
255,"709,1829,709,1952,827,1952,827,1829",0.7085
255,"1040,1905,1040,2100,1209,2100,1209,1905",0.7040
255,"1443,2267,1443,2399,1575,2399,1575,2267",0.7029
255,"7,307,7,472,148,472,148,307",0.6774
255,"1220,1731,1220,1999,1481,1999,1481,1731",0.6770
255,"1805,978,1805,1134,1949,1134,1949,978",0.6687
260,"1219,276,1219,530,1455,530,1455,276",0.8083
260,"993,497,993,613,1109,613,1109,497",0.7802
260,"1325,1339,1325,1480,1460,1480,1460,1339",0.7690
260,"2137,1434,2137,1555,2258,1555,2258,1434",0.7633
260,"2232,703,2232,832,2367,832,2367,703",0.7516
260,"1162,24,1162,167,1281,167,1281,24",0.7392
260,"2205,1137,2205,1233,2310,1233,2310,1137",0.6873
260,"2245,106,2245,208,2344,208,2344,106",0.6359
260,"1294,570,1294,657,1383,657,1383,570",0.5987
260,"1142,781,1142,956,1303,956,1303,781",0.5375
265,"0,1762,0,2155,322,2155,322,1762",0.8263
265,"1848,2162,1848,2455,2125,2455,2125,2162",0.7703
265,"1298,2176,1298,2323,1445,2323,1445,2176",0.7035
265,"2114,859,2114,1284,2456,1284,2456,859",0.6580
265,"863,1,863,142,984,142,984,1",0.6171
265,"2325,561,2325,679,2461,679,2461,561",0.5636
